-- Pennywise seed data
-- Password for both users: pennywise (bcrypt cost 10)

-- ============================================================
-- Users
-- ============================================================

INSERT INTO users (id, email, name, password_hash) VALUES
('usr00001-0000-0000-0000-000000000001', 'james@example.com', 'James', '$2a$10$P0QW8xm0emvIqNtQAUbupehkahGR5e2fLSWIKjIIb.4sAA5xvQDNi'),
('usr00002-0000-0000-0000-000000000002', 'alex@example.com', 'Alex', '$2a$10$P0QW8xm0emvIqNtQAUbupehkahGR5e2fLSWIKjIIb.4sAA5xvQDNi');

-- ============================================================
-- Accounts (James: 14 accounts, Alex: 2 accounts)
-- ============================================================

INSERT INTO accounts (id, user_id, name, institution, account_type) VALUES
('acc00001-0000-0000-0000-000000000001', 'usr00001-0000-0000-0000-000000000001', 'Amex Delta Skymiles', 'American Express', 'credit_card'),
('acc00002-0000-0000-0000-000000000002', 'usr00001-0000-0000-0000-000000000001', 'Huntington Checking #1', 'Huntington Bank', 'checking'),
('acc00003-0000-0000-0000-000000000003', 'usr00001-0000-0000-0000-000000000001', 'Huntington Checking #2', 'Huntington Bank', 'checking'),
('acc00004-0000-0000-0000-000000000004', 'usr00001-0000-0000-0000-000000000001', 'Marcus HYSA', 'Goldman Sachs', 'savings'),
('acc00005-0000-0000-0000-000000000005', 'usr00001-0000-0000-0000-000000000001', 'Fidelity Roth IRA', 'Fidelity', 'retirement'),
('acc00006-0000-0000-0000-000000000006', 'usr00001-0000-0000-0000-000000000001', 'Fidelity Rollover IRA', 'Fidelity', 'retirement'),
('acc00007-0000-0000-0000-000000000007', 'usr00001-0000-0000-0000-000000000001', 'The Standard 401k', 'The Standard', 'retirement'),
('acc00008-0000-0000-0000-000000000008', 'usr00001-0000-0000-0000-000000000001', 'HSA', 'Fidelity', 'savings'),
('acc00009-0000-0000-0000-000000000009', 'usr00001-0000-0000-0000-000000000001', 'Wells Fargo Credit Line', 'Wells Fargo', 'credit_line'),
('acc00010-0000-0000-0000-000000000010', 'usr00001-0000-0000-0000-000000000001', 'Coinbase', 'Coinbase', 'brokerage'),
('acc00011-0000-0000-0000-000000000011', 'usr00001-0000-0000-0000-000000000001', 'Hardware Wallet', 'Ledger', 'brokerage'),
('acc00012-0000-0000-0000-000000000012', 'usr00001-0000-0000-0000-000000000001', 'Carta - Reve Studios SAFE', 'Carta', 'brokerage'),
('acc00013-0000-0000-0000-000000000013', 'usr00001-0000-0000-0000-000000000001', 'Rocket Mortgage', 'Rocket Mortgage', 'loan'),
('acc00014-0000-0000-0000-000000000014', 'usr00001-0000-0000-0000-000000000001', 'Venmo', 'Venmo', 'other'),
('acc00015-0000-0000-0000-000000000015', 'usr00002-0000-0000-0000-000000000002', 'Chase Checking', 'Chase', 'checking'),
('acc00016-0000-0000-0000-000000000016', 'usr00002-0000-0000-0000-000000000002', 'Chase Savings', 'Chase', 'savings');

-- ============================================================
-- Transactions (Sep 2025 - Feb 2026)
-- ============================================================

INSERT INTO transactions (id, user_id, account_id, type, category, amount, date, notes, is_recurring) VALUES
-- Sep 2025
('txn00001-0000-0000-0000-000000000001', 'usr00001-0000-0000-0000-000000000001', 'acc00002-0000-0000-0000-000000000002', 'deposit', 'income', 2500.00, '2025-09-01', 'Paycheck', 1),
('txn00002-0000-0000-0000-000000000002', 'usr00001-0000-0000-0000-000000000001', 'acc00013-0000-0000-0000-000000000013', 'expense', 'housing', 2500.00, '2025-09-01', 'Mortgage payment', 1),
('txn00003-0000-0000-0000-000000000003', 'usr00001-0000-0000-0000-000000000001', 'acc00001-0000-0000-0000-000000000001', 'expense', 'food', 127.43, '2025-09-02', 'Costco groceries', 0),
('txn00004-0000-0000-0000-000000000004', 'usr00001-0000-0000-0000-000000000001', 'acc00001-0000-0000-0000-000000000001', 'expense', 'food', 48.90, '2025-09-04', 'Thai Orchid dinner', 0),
('txn00005-0000-0000-0000-000000000005', 'usr00001-0000-0000-0000-000000000001', 'acc00009-0000-0000-0000-000000000009', 'expense', 'housing', 250.00, '2025-09-05', 'Credit line payment', 1),
('txn00006-0000-0000-0000-000000000006', 'usr00001-0000-0000-0000-000000000001', 'acc00001-0000-0000-0000-000000000001', 'expense', 'pets', 89.50, '2025-09-06', 'Cat food and litter', 0),
('txn00007-0000-0000-0000-000000000007', 'usr00001-0000-0000-0000-000000000001', 'acc00001-0000-0000-0000-000000000001', 'expense', 'transportation', 45.00, '2025-09-08', 'Gas', 0),
('txn00008-0000-0000-0000-000000000008', 'usr00001-0000-0000-0000-000000000001', 'acc00001-0000-0000-0000-000000000001', 'expense', 'food', 62.15, '2025-09-10', 'Kroger groceries', 0),
('txn00009-0000-0000-0000-000000000009', 'usr00001-0000-0000-0000-000000000001', 'acc00002-0000-0000-0000-000000000002', 'expense', 'utilities', 142.30, '2025-09-12', 'Electric bill', 1),
('txn00010-0000-0000-0000-000000000010', 'usr00001-0000-0000-0000-000000000001', 'acc00002-0000-0000-0000-000000000002', 'deposit', 'income', 2500.00, '2025-09-15', 'Paycheck', 1),
('txn00011-0000-0000-0000-000000000011', 'usr00001-0000-0000-0000-000000000001', 'acc00001-0000-0000-0000-000000000001', 'expense', 'pets', 210.00, '2025-09-16', 'Vet checkup', 0),
('txn00012-0000-0000-0000-000000000012', 'usr00001-0000-0000-0000-000000000001', 'acc00001-0000-0000-0000-000000000001', 'expense', 'food', 35.20, '2025-09-18', 'Chipotle', 0),
('txn00013-0000-0000-0000-000000000013', 'usr00001-0000-0000-0000-000000000001', 'acc00001-0000-0000-0000-000000000001', 'expense', 'entertainment', 15.99, '2025-09-20', 'Netflix', 1),
('txn00014-0000-0000-0000-000000000014', 'usr00001-0000-0000-0000-000000000001', 'acc00014-0000-0000-0000-000000000014', 'deposit', 'income', 150.00, '2025-09-22', 'Comedy show', 0),

-- Oct 2025
('txn00015-0000-0000-0000-000000000015', 'usr00001-0000-0000-0000-000000000001', 'acc00002-0000-0000-0000-000000000002', 'deposit', 'income', 2500.00, '2025-10-01', 'Paycheck', 1),
('txn00016-0000-0000-0000-000000000016', 'usr00001-0000-0000-0000-000000000001', 'acc00013-0000-0000-0000-000000000013', 'expense', 'housing', 2500.00, '2025-10-01', 'Mortgage payment', 1),
('txn00017-0000-0000-0000-000000000017', 'usr00001-0000-0000-0000-000000000001', 'acc00001-0000-0000-0000-000000000001', 'expense', 'food', 145.60, '2025-10-03', 'Costco groceries', 0),
('txn00018-0000-0000-0000-000000000018', 'usr00001-0000-0000-0000-000000000001', 'acc00009-0000-0000-0000-000000000009', 'expense', 'housing', 250.00, '2025-10-05', 'Credit line payment', 1),
('txn00019-0000-0000-0000-000000000019', 'usr00001-0000-0000-0000-000000000001', 'acc00001-0000-0000-0000-000000000001', 'expense', 'food', 72.30, '2025-10-07', 'Indian Palace dinner', 0),
('txn00020-0000-0000-0000-000000000020', 'usr00001-0000-0000-0000-000000000001', 'acc00001-0000-0000-0000-000000000001', 'expense', 'pets', 95.00, '2025-10-08', 'Cat food and toys', 0),
('txn00021-0000-0000-0000-000000000021', 'usr00001-0000-0000-0000-000000000001', 'acc00001-0000-0000-0000-000000000001', 'expense', 'home_repair', 450.00, '2025-10-10', 'Furnace repair', 0),
('txn00022-0000-0000-0000-000000000022', 'usr00001-0000-0000-0000-000000000001', 'acc00001-0000-0000-0000-000000000001', 'expense', 'food', 58.40, '2025-10-12', 'Kroger groceries', 0),
('txn00023-0000-0000-0000-000000000023', 'usr00001-0000-0000-0000-000000000001', 'acc00002-0000-0000-0000-000000000002', 'deposit', 'income', 2500.00, '2025-10-15', 'Paycheck', 1),
('txn00024-0000-0000-0000-000000000024', 'usr00001-0000-0000-0000-000000000001', 'acc00002-0000-0000-0000-000000000002', 'expense', 'utilities', 138.70, '2025-10-15', 'Electric bill', 1),
('txn00025-0000-0000-0000-000000000025', 'usr00001-0000-0000-0000-000000000001', 'acc00001-0000-0000-0000-000000000001', 'expense', 'transportation', 52.00, '2025-10-17', 'Gas', 0),
('txn00026-0000-0000-0000-000000000026', 'usr00001-0000-0000-0000-000000000001', 'acc00001-0000-0000-0000-000000000001', 'expense', 'food', 41.50, '2025-10-19', 'Pizza and wings', 0),
('txn00027-0000-0000-0000-000000000027', 'usr00001-0000-0000-0000-000000000001', 'acc00001-0000-0000-0000-000000000001', 'expense', 'entertainment', 15.99, '2025-10-20', 'Netflix', 1),
('txn00028-0000-0000-0000-000000000028', 'usr00001-0000-0000-0000-000000000001', 'acc00014-0000-0000-0000-000000000014', 'deposit', 'income', 200.00, '2025-10-25', 'Comedy show', 0),

-- Nov 2025
('txn00029-0000-0000-0000-000000000029', 'usr00001-0000-0000-0000-000000000001', 'acc00002-0000-0000-0000-000000000002', 'deposit', 'income', 2500.00, '2025-11-01', 'Paycheck', 1),
('txn00030-0000-0000-0000-000000000030', 'usr00001-0000-0000-0000-000000000001', 'acc00013-0000-0000-0000-000000000013', 'expense', 'housing', 2500.00, '2025-11-01', 'Mortgage payment', 1),
('txn00031-0000-0000-0000-000000000031', 'usr00001-0000-0000-0000-000000000001', 'acc00001-0000-0000-0000-000000000001', 'expense', 'food', 189.20, '2025-11-02', 'Costco groceries', 0),
('txn00032-0000-0000-0000-000000000032', 'usr00001-0000-0000-0000-000000000001', 'acc00009-0000-0000-0000-000000000009', 'expense', 'housing', 250.00, '2025-11-05', 'Credit line payment', 1),
('txn00033-0000-0000-0000-000000000033', 'usr00001-0000-0000-0000-000000000001', 'acc00001-0000-0000-0000-000000000001', 'expense', 'food', 95.40, '2025-11-06', 'Thanksgiving prep shopping', 0),
('txn00034-0000-0000-0000-000000000034', 'usr00001-0000-0000-0000-000000000001', 'acc00001-0000-0000-0000-000000000001', 'expense', 'pets', 78.00, '2025-11-08', 'Cat food and litter', 0),
('txn00035-0000-0000-0000-000000000035', 'usr00001-0000-0000-0000-000000000001', 'acc00001-0000-0000-0000-000000000001', 'expense', 'transportation', 48.00, '2025-11-10', 'Gas', 0),
('txn00036-0000-0000-0000-000000000036', 'usr00001-0000-0000-0000-000000000001', 'acc00002-0000-0000-0000-000000000002', 'deposit', 'income', 2500.00, '2025-11-15', 'Paycheck', 1),
('txn00037-0000-0000-0000-000000000037', 'usr00001-0000-0000-0000-000000000001', 'acc00002-0000-0000-0000-000000000002', 'expense', 'utilities', 168.90, '2025-11-15', 'Electric bill', 1),
('txn00038-0000-0000-0000-000000000038', 'usr00001-0000-0000-0000-000000000001', 'acc00001-0000-0000-0000-000000000001', 'expense', 'food', 67.80, '2025-11-18', 'Kroger groceries', 0),
('txn00039-0000-0000-0000-000000000039', 'usr00001-0000-0000-0000-000000000001', 'acc00001-0000-0000-0000-000000000001', 'expense', 'entertainment', 15.99, '2025-11-20', 'Netflix', 1),
('txn00040-0000-0000-0000-000000000040', 'usr00001-0000-0000-0000-000000000001', 'acc00001-0000-0000-0000-000000000001', 'expense', 'food', 215.30, '2025-11-25', 'Thanksgiving groceries', 0),
('txn00041-0000-0000-0000-000000000041', 'usr00001-0000-0000-0000-000000000001', 'acc00001-0000-0000-0000-000000000001', 'expense', 'shopping', 340.00, '2025-11-29', 'Black Friday deals', 0),

-- Dec 2025
('txn00042-0000-0000-0000-000000000042', 'usr00001-0000-0000-0000-000000000001', 'acc00002-0000-0000-0000-000000000002', 'deposit', 'income', 2500.00, '2025-12-01', 'Paycheck', 1),
('txn00043-0000-0000-0000-000000000043', 'usr00001-0000-0000-0000-000000000001', 'acc00013-0000-0000-0000-000000000013', 'expense', 'housing', 2500.00, '2025-12-01', 'Mortgage payment', 1),
('txn00044-0000-0000-0000-000000000044', 'usr00001-0000-0000-0000-000000000001', 'acc00001-0000-0000-0000-000000000001', 'expense', 'food', 132.80, '2025-12-03', 'Costco groceries', 0),
('txn00045-0000-0000-0000-000000000045', 'usr00001-0000-0000-0000-000000000001', 'acc00009-0000-0000-0000-000000000009', 'expense', 'housing', 250.00, '2025-12-05', 'Credit line payment', 1),
('txn00046-0000-0000-0000-000000000046', 'usr00001-0000-0000-0000-000000000001', 'acc00001-0000-0000-0000-000000000001', 'expense', 'pets', 120.00, '2025-12-06', 'Cat food and vet', 0),
('txn00047-0000-0000-0000-000000000047', 'usr00001-0000-0000-0000-000000000001', 'acc00001-0000-0000-0000-000000000001', 'expense', 'food', 88.60, '2025-12-08', 'Sushi dinner', 0),
('txn00048-0000-0000-0000-000000000048', 'usr00001-0000-0000-0000-000000000001', 'acc00001-0000-0000-0000-000000000001', 'expense', 'shopping', 520.00, '2025-12-10', 'Christmas gifts', 0),
('txn00049-0000-0000-0000-000000000049', 'usr00001-0000-0000-0000-000000000001', 'acc00002-0000-0000-0000-000000000002', 'expense', 'utilities', 195.40, '2025-12-12', 'Electric bill', 1),
('txn00050-0000-0000-0000-000000000050', 'usr00001-0000-0000-0000-000000000001', 'acc00002-0000-0000-0000-000000000002', 'deposit', 'income', 2500.00, '2025-12-15', 'Paycheck', 1),
('txn00051-0000-0000-0000-000000000051', 'usr00001-0000-0000-0000-000000000001', 'acc00001-0000-0000-0000-000000000001', 'expense', 'transportation', 55.00, '2025-12-16', 'Gas', 0),
('txn00052-0000-0000-0000-000000000052', 'usr00001-0000-0000-0000-000000000001', 'acc00001-0000-0000-0000-000000000001', 'expense', 'food', 74.20, '2025-12-18', 'Kroger groceries', 0),
('txn00053-0000-0000-0000-000000000053', 'usr00001-0000-0000-0000-000000000001', 'acc00001-0000-0000-0000-000000000001', 'expense', 'entertainment', 15.99, '2025-12-20', 'Netflix', 1),
('txn00054-0000-0000-0000-000000000054', 'usr00001-0000-0000-0000-000000000001', 'acc00001-0000-0000-0000-000000000001', 'expense', 'home_repair', 280.00, '2025-12-22', 'Plumbing repair', 0),
('txn00055-0000-0000-0000-000000000055', 'usr00001-0000-0000-0000-000000000001', 'acc00014-0000-0000-0000-000000000014', 'deposit', 'income', 300.00, '2025-12-28', 'Comedy show - NYE weekend', 0),

-- Jan 2026
('txn00056-0000-0000-0000-000000000056', 'usr00001-0000-0000-0000-000000000001', 'acc00002-0000-0000-0000-000000000002', 'deposit', 'income', 2500.00, '2026-01-02', 'Paycheck', 1),
('txn00057-0000-0000-0000-000000000057', 'usr00001-0000-0000-0000-000000000001', 'acc00013-0000-0000-0000-000000000013', 'expense', 'housing', 2500.00, '2026-01-02', 'Mortgage payment', 1),
('txn00058-0000-0000-0000-000000000058', 'usr00001-0000-0000-0000-000000000001', 'acc00001-0000-0000-0000-000000000001', 'expense', 'food', 118.90, '2026-01-04', 'Costco groceries', 0),
('txn00059-0000-0000-0000-000000000059', 'usr00001-0000-0000-0000-000000000001', 'acc00009-0000-0000-0000-000000000009', 'expense', 'housing', 250.00, '2026-01-05', 'Credit line payment', 1),
('txn00060-0000-0000-0000-000000000060', 'usr00001-0000-0000-0000-000000000001', 'acc00001-0000-0000-0000-000000000001', 'expense', 'food', 52.70, '2026-01-07', 'Ramen house dinner', 0),
('txn00061-0000-0000-0000-000000000061', 'usr00001-0000-0000-0000-000000000001', 'acc00001-0000-0000-0000-000000000001', 'expense', 'pets', 85.00, '2026-01-09', 'Cat food and litter', 0),
('txn00062-0000-0000-0000-000000000062', 'usr00001-0000-0000-0000-000000000001', 'acc00001-0000-0000-0000-000000000001', 'expense', 'transportation', 42.00, '2026-01-11', 'Gas', 0),
('txn00063-0000-0000-0000-000000000063', 'usr00001-0000-0000-0000-000000000001', 'acc00002-0000-0000-0000-000000000002', 'deposit', 'income', 2500.00, '2026-01-15', 'Paycheck', 1),
('txn00064-0000-0000-0000-000000000064', 'usr00001-0000-0000-0000-000000000001', 'acc00002-0000-0000-0000-000000000002', 'expense', 'utilities', 210.50, '2026-01-15', 'Electric bill', 1),
('txn00065-0000-0000-0000-000000000065', 'usr00001-0000-0000-0000-000000000001', 'acc00001-0000-0000-0000-000000000001', 'expense', 'food', 63.40, '2026-01-17', 'Kroger groceries', 0),
('txn00066-0000-0000-0000-000000000066', 'usr00001-0000-0000-0000-000000000001', 'acc00001-0000-0000-0000-000000000001', 'expense', 'entertainment', 15.99, '2026-01-20', 'Netflix', 1),
('txn00067-0000-0000-0000-000000000067', 'usr00001-0000-0000-0000-000000000001', 'acc00001-0000-0000-0000-000000000001', 'expense', 'health', 45.00, '2026-01-22', 'Doctor copay', 0),
('txn00068-0000-0000-0000-000000000068', 'usr00001-0000-0000-0000-000000000001', 'acc00014-0000-0000-0000-000000000014', 'deposit', 'income', 100.00, '2026-01-26', 'Comedy open mic tips', 0),

-- Feb 2026
('txn00069-0000-0000-0000-000000000069', 'usr00001-0000-0000-0000-000000000001', 'acc00002-0000-0000-0000-000000000002', 'deposit', 'income', 2500.00, '2026-02-01', 'Paycheck', 1),
('txn00070-0000-0000-0000-000000000070', 'usr00001-0000-0000-0000-000000000001', 'acc00013-0000-0000-0000-000000000013', 'expense', 'housing', 2500.00, '2026-02-01', 'Mortgage payment', 1),
('txn00071-0000-0000-0000-000000000071', 'usr00001-0000-0000-0000-000000000001', 'acc00001-0000-0000-0000-000000000001', 'expense', 'food', 155.30, '2026-02-03', 'Costco groceries', 0),
('txn00072-0000-0000-0000-000000000072', 'usr00001-0000-0000-0000-000000000001', 'acc00009-0000-0000-0000-000000000009', 'expense', 'housing', 250.00, '2026-02-05', 'Credit line payment', 1),
('txn00073-0000-0000-0000-000000000073', 'usr00001-0000-0000-0000-000000000001', 'acc00001-0000-0000-0000-000000000001', 'expense', 'food', 110.00, '2026-02-06', 'Valentines dinner', 0),
('txn00074-0000-0000-0000-000000000074', 'usr00001-0000-0000-0000-000000000001', 'acc00001-0000-0000-0000-000000000001', 'expense', 'pets', 92.00, '2026-02-08', 'Cat food and litter', 0),
('txn00075-0000-0000-0000-000000000075', 'usr00001-0000-0000-0000-000000000001', 'acc00001-0000-0000-0000-000000000001', 'expense', 'transportation', 49.00, '2026-02-10', 'Gas', 0),
('txn00076-0000-0000-0000-000000000076', 'usr00001-0000-0000-0000-000000000001', 'acc00001-0000-0000-0000-000000000001', 'expense', 'food', 71.60, '2026-02-12', 'Kroger groceries', 0),
('txn00077-0000-0000-0000-000000000077', 'usr00001-0000-0000-0000-000000000001', 'acc00002-0000-0000-0000-000000000002', 'deposit', 'income', 2500.00, '2026-02-15', 'Paycheck', 1),
('txn00078-0000-0000-0000-000000000078', 'usr00001-0000-0000-0000-000000000001', 'acc00002-0000-0000-0000-000000000002', 'expense', 'utilities', 185.20, '2026-02-15', 'Electric bill', 1),
('txn00079-0000-0000-0000-000000000079', 'usr00001-0000-0000-0000-000000000001', 'acc00001-0000-0000-0000-000000000001', 'expense', 'entertainment', 15.99, '2026-02-20', 'Netflix', 1),
('txn00080-0000-0000-0000-000000000080', 'usr00001-0000-0000-0000-000000000001', 'acc00001-0000-0000-0000-000000000001', 'expense', 'home_repair', 650.00, '2026-02-22', 'Water heater repair', 0),
('txn00081-0000-0000-0000-000000000081', 'usr00001-0000-0000-0000-000000000001', 'acc00014-0000-0000-0000-000000000014', 'deposit', 'income', 175.00, '2026-02-24', 'Comedy show', 0),

-- Alex transactions
('txn00082-0000-0000-0000-000000000082', 'usr00002-0000-0000-0000-000000000002', 'acc00015-0000-0000-0000-000000000015', 'deposit', 'income', 3200.00, '2026-01-15', 'Paycheck', 1),
('txn00083-0000-0000-0000-000000000083', 'usr00002-0000-0000-0000-000000000002', 'acc00015-0000-0000-0000-000000000015', 'expense', 'food', 85.00, '2026-01-18', 'Groceries', 0),
('txn00084-0000-0000-0000-000000000084', 'usr00002-0000-0000-0000-000000000002', 'acc00015-0000-0000-0000-000000000015', 'deposit', 'income', 3200.00, '2026-02-01', 'Paycheck', 1),
('txn00085-0000-0000-0000-000000000085', 'usr00002-0000-0000-0000-000000000002', 'acc00015-0000-0000-0000-000000000015', 'expense', 'food', 92.50, '2026-02-05', 'Groceries', 0);

-- ============================================================
-- Transaction Tags
-- ============================================================

INSERT INTO transaction_tags (id, transaction_id, tag) VALUES
('tag00001-0000-0000-0000-000000000001', 'txn00003-0000-0000-0000-000000000003', 'bulk-buy'),
('tag00002-0000-0000-0000-000000000002', 'txn00004-0000-0000-0000-000000000004', 'date-night'),
('tag00003-0000-0000-0000-000000000003', 'txn00021-0000-0000-0000-000000000021', 'emergency'),
('tag00004-0000-0000-0000-000000000004', 'txn00040-0000-0000-0000-000000000040', 'holiday'),
('tag00005-0000-0000-0000-000000000005', 'txn00041-0000-0000-0000-000000000041', 'holiday'),
('tag00006-0000-0000-0000-000000000006', 'txn00048-0000-0000-0000-000000000048', 'holiday'),
('tag00007-0000-0000-0000-000000000007', 'txn00054-0000-0000-0000-000000000054', 'emergency'),
('tag00008-0000-0000-0000-000000000008', 'txn00073-0000-0000-0000-000000000073', 'date-night'),
('tag00009-0000-0000-0000-000000000009', 'txn00080-0000-0000-0000-000000000080', 'emergency'),
('tag00010-0000-0000-0000-000000000010', 'txn00014-0000-0000-0000-000000000014', 'side-hustle'),
('tag00011-0000-0000-0000-000000000011', 'txn00028-0000-0000-0000-000000000028', 'side-hustle'),
('tag00012-0000-0000-0000-000000000012', 'txn00055-0000-0000-0000-000000000055', 'side-hustle'),
('tag00013-0000-0000-0000-000000000013', 'txn00068-0000-0000-0000-000000000068', 'side-hustle'),
('tag00014-0000-0000-0000-000000000014', 'txn00081-0000-0000-0000-000000000081', 'side-hustle');

-- ============================================================
-- Assets
-- ============================================================

INSERT INTO assets (id, user_id, account_id, name, asset_type, current_value, metadata) VALUES
('ast00001-0000-0000-0000-000000000001', 'usr00001-0000-0000-0000-000000000001', 'acc00013-0000-0000-0000-000000000013', 'Home', 'real_estate', 308000.00,
 '{"purchase_price":301000,"purchase_date":"2023-04-01","down_payment_percent":5,"mortgage_rate":6.875,"mortgage_term_years":30,"current_valuation":308000,"monthly_payment":2500,"extra_principal_monthly":0,"includes_pmi":true,"includes_insurance":true,"includes_escrow":true}'),

('ast00002-0000-0000-0000-000000000002', 'usr00001-0000-0000-0000-000000000001', 'acc00012-0000-0000-0000-000000000012', 'Reve Studios SAFE', 'safe_agreement', 30000.00,
 '{"company_name":"Reve Studios","ownership_percentage":1.0,"valuation_cap":3000000,"discount_rate":null,"pro_rata_rights":false,"investment_date":"2024-01-01"}'),

('ast00003-0000-0000-0000-000000000003', 'usr00001-0000-0000-0000-000000000001', 'acc00005-0000-0000-0000-000000000005', 'Roth IRA', 'retirement', 15000.00,
 '{"provider":"Fidelity","account_subtype":"roth_ira","employer_match_percent":null,"contribution_rate_percent":null,"cash_balance":10000,"invested_balance":5000}'),

('ast00004-0000-0000-0000-000000000004', 'usr00001-0000-0000-0000-000000000001', 'acc00007-0000-0000-0000-000000000007', '401k', 'retirement', 4200.00,
 '{"provider":"The Standard","account_subtype":"traditional_401k","employer_match_percent":3,"contribution_rate_percent":6,"cash_balance":200,"invested_balance":4000}'),

('ast00005-0000-0000-0000-000000000005', 'usr00001-0000-0000-0000-000000000001', 'acc00008-0000-0000-0000-000000000008', 'HSA', 'retirement', 2000.00,
 '{"provider":"Fidelity","account_subtype":"hsa","employer_match_percent":null,"contribution_rate_percent":null,"cash_balance":2000,"invested_balance":0}');

-- ============================================================
-- Asset History (6 months per asset, monthly snapshots)
-- ============================================================

INSERT INTO asset_history (id, asset_id, value, recorded_at) VALUES
-- Home
('ash00001-0000-0000-0000-000000000001', 'ast00001-0000-0000-0000-000000000001', 301000.00, '2025-09-01'),
('ash00002-0000-0000-0000-000000000002', 'ast00001-0000-0000-0000-000000000001', 302500.00, '2025-10-01'),
('ash00003-0000-0000-0000-000000000003', 'ast00001-0000-0000-0000-000000000001', 303000.00, '2025-11-01'),
('ash00004-0000-0000-0000-000000000004', 'ast00001-0000-0000-0000-000000000001', 305000.00, '2025-12-01'),
('ash00005-0000-0000-0000-000000000005', 'ast00001-0000-0000-0000-000000000001', 306500.00, '2026-01-01'),
('ash00006-0000-0000-0000-000000000006', 'ast00001-0000-0000-0000-000000000001', 308000.00, '2026-02-01'),

-- SAFE
('ash00007-0000-0000-0000-000000000007', 'ast00002-0000-0000-0000-000000000002', 30000.00, '2025-09-01'),
('ash00008-0000-0000-0000-000000000008', 'ast00002-0000-0000-0000-000000000002', 30000.00, '2025-10-01'),
('ash00009-0000-0000-0000-000000000009', 'ast00002-0000-0000-0000-000000000002', 30000.00, '2025-11-01'),
('ash00010-0000-0000-0000-000000000010', 'ast00002-0000-0000-0000-000000000002', 30000.00, '2025-12-01'),
('ash00011-0000-0000-0000-000000000011', 'ast00002-0000-0000-0000-000000000002', 30000.00, '2026-01-01'),
('ash00012-0000-0000-0000-000000000012', 'ast00002-0000-0000-0000-000000000002', 30000.00, '2026-02-01'),

-- Roth IRA
('ash00013-0000-0000-0000-000000000013', 'ast00003-0000-0000-0000-000000000003', 12800.00, '2025-09-01'),
('ash00014-0000-0000-0000-000000000014', 'ast00003-0000-0000-0000-000000000003', 13100.00, '2025-10-01'),
('ash00015-0000-0000-0000-000000000015', 'ast00003-0000-0000-0000-000000000003', 13500.00, '2025-11-01'),
('ash00016-0000-0000-0000-000000000016', 'ast00003-0000-0000-0000-000000000003', 14200.00, '2025-12-01'),
('ash00017-0000-0000-0000-000000000017', 'ast00003-0000-0000-0000-000000000003', 14600.00, '2026-01-01'),
('ash00018-0000-0000-0000-000000000018', 'ast00003-0000-0000-0000-000000000003', 15000.00, '2026-02-01'),

-- 401k
('ash00019-0000-0000-0000-000000000019', 'ast00004-0000-0000-0000-000000000004', 1800.00, '2025-09-01'),
('ash00020-0000-0000-0000-000000000020', 'ast00004-0000-0000-0000-000000000004', 2200.00, '2025-10-01'),
('ash00021-0000-0000-0000-000000000021', 'ast00004-0000-0000-0000-000000000004', 2650.00, '2025-11-01'),
('ash00022-0000-0000-0000-000000000022', 'ast00004-0000-0000-0000-000000000004', 3100.00, '2025-12-01'),
('ash00023-0000-0000-0000-000000000023', 'ast00004-0000-0000-0000-000000000004', 3600.00, '2026-01-01'),
('ash00024-0000-0000-0000-000000000024', 'ast00004-0000-0000-0000-000000000004', 4200.00, '2026-02-01'),

-- HSA
('ash00025-0000-0000-0000-000000000025', 'ast00005-0000-0000-0000-000000000005', 800.00, '2025-09-01'),
('ash00026-0000-0000-0000-000000000026', 'ast00005-0000-0000-0000-000000000005', 1000.00, '2025-10-01'),
('ash00027-0000-0000-0000-000000000027', 'ast00005-0000-0000-0000-000000000005', 1200.00, '2025-11-01'),
('ash00028-0000-0000-0000-000000000028', 'ast00005-0000-0000-0000-000000000005', 1400.00, '2025-12-01'),
('ash00029-0000-0000-0000-000000000029', 'ast00005-0000-0000-0000-000000000005', 1700.00, '2026-01-01'),
('ash00030-0000-0000-0000-000000000030', 'ast00005-0000-0000-0000-000000000005', 2000.00, '2026-02-01');

-- ============================================================
-- Goals
-- ============================================================

INSERT INTO goals (id, user_id, name, goal_type, target_amount, current_amount, deadline, linked_account_id, priority_rank) VALUES
('goa00001-0000-0000-0000-000000000001', 'usr00001-0000-0000-0000-000000000001', 'Pay off mortgage', 'debt_payoff', 285950.00, 285950.00, NULL, 'acc00013-0000-0000-0000-000000000013', 1),
('goa00002-0000-0000-0000-000000000002', 'usr00001-0000-0000-0000-000000000001', 'Pay off car loan', 'debt_payoff', 7500.00, 4200.00, '2027-06-01', NULL, 2),
('goa00003-0000-0000-0000-000000000003', 'usr00001-0000-0000-0000-000000000001', 'Pay off Wells Fargo credit line', 'debt_payoff', 18000.00, 16500.00, NULL, 'acc00009-0000-0000-0000-000000000009', 3),
('goa00004-0000-0000-0000-000000000004', 'usr00001-0000-0000-0000-000000000001', 'Emergency fund top-up', 'savings', 15000.00, 8200.00, '2026-12-31', 'acc00004-0000-0000-0000-000000000004', 1),
('goa00005-0000-0000-0000-000000000005', 'usr00001-0000-0000-0000-000000000001', 'Engagement ring', 'savings', 8000.00, 2400.00, '2026-09-01', NULL, 2),
('goa00006-0000-0000-0000-000000000006', 'usr00001-0000-0000-0000-000000000001', 'Next house down payment', 'savings', 60000.00, 5000.00, '2028-06-01', 'acc00004-0000-0000-0000-000000000004', 3);

-- ============================================================
-- Recurring Transactions
-- ============================================================

INSERT INTO recurring_transactions (id, user_id, account_id, type, category, amount, frequency, next_occurrence) VALUES
('rec00001-0000-0000-0000-000000000001', 'usr00001-0000-0000-0000-000000000001', 'acc00002-0000-0000-0000-000000000002', 'deposit', 'income', 2500.00, 'biweekly', '2026-03-01'),
('rec00002-0000-0000-0000-000000000002', 'usr00001-0000-0000-0000-000000000001', 'acc00013-0000-0000-0000-000000000013', 'expense', 'housing', 2500.00, 'monthly', '2026-03-01'),
('rec00003-0000-0000-0000-000000000003', 'usr00001-0000-0000-0000-000000000001', 'acc00009-0000-0000-0000-000000000009', 'expense', 'housing', 250.00, 'monthly', '2026-03-05'),
('rec00004-0000-0000-0000-000000000004', 'usr00001-0000-0000-0000-000000000001', 'acc00001-0000-0000-0000-000000000001', 'expense', 'entertainment', 15.99, 'monthly', '2026-03-20');

-- ============================================================
-- Alerts
-- ============================================================

INSERT INTO alerts (id, user_id, alert_type, message, severity, is_read, related_entity_type, related_entity_id) VALUES
('alt00001-0000-0000-0000-000000000001', 'usr00001-0000-0000-0000-000000000001', 'spending_increase', 'Food spending up 18% vs last month', 'warning', 0, 'transaction', NULL),
('alt00002-0000-0000-0000-000000000002', 'usr00001-0000-0000-0000-000000000001', 'goal_milestone', 'Car payment ends in 15 months - consider redirecting $250/mo to savings', 'info', 0, 'goal', 'goa00002-0000-0000-0000-000000000002'),
('alt00003-0000-0000-0000-000000000003', 'usr00001-0000-0000-0000-000000000001', 'uninvested_cash', 'Roth IRA has $10k in uninvested cash', 'warning', 0, 'asset', 'ast00003-0000-0000-0000-000000000003');
