-- Pennywise seed data
-- Password for both users: pennywise (bcrypt cost 10)

-- ============================================================
-- Users
-- ============================================================

INSERT INTO users (id, email, name, password_hash) VALUES
('00a00001-0000-0000-0000-000000000001', 'james@example.com', 'James', '$2a$10$P0QW8xm0emvIqNtQAUbupehkahGR5e2fLSWIKjIIb.4sAA5xvQDNi'),
('00a00002-0000-0000-0000-000000000002', 'alex@example.com', 'Alex', '$2a$10$P0QW8xm0emvIqNtQAUbupehkahGR5e2fLSWIKjIIb.4sAA5xvQDNi');

-- ============================================================
-- Accounts (James: 14 accounts, Alex: 2 accounts)
-- ============================================================

INSERT INTO accounts (id, user_id, name, institution, account_type) VALUES
('acc00001-0000-0000-0000-000000000001', '00a00001-0000-0000-0000-000000000001', 'Amex Delta Skymiles', 'American Express', 'credit_card'),
('acc00002-0000-0000-0000-000000000002', '00a00001-0000-0000-0000-000000000001', 'Huntington Checking #1', 'Huntington Bank', 'checking'),
('acc00003-0000-0000-0000-000000000003', '00a00001-0000-0000-0000-000000000001', 'Huntington Checking #2', 'Huntington Bank', 'checking'),
('acc00004-0000-0000-0000-000000000004', '00a00001-0000-0000-0000-000000000001', 'Marcus HYSA', 'Goldman Sachs', 'savings'),
('acc00005-0000-0000-0000-000000000005', '00a00001-0000-0000-0000-000000000001', 'Fidelity Roth IRA', 'Fidelity', 'retirement'),
('acc00006-0000-0000-0000-000000000006', '00a00001-0000-0000-0000-000000000001', 'Fidelity Rollover IRA', 'Fidelity', 'retirement'),
('acc00007-0000-0000-0000-000000000007', '00a00001-0000-0000-0000-000000000001', 'The Standard 401k', 'The Standard', 'retirement'),
('acc00008-0000-0000-0000-000000000008', '00a00001-0000-0000-0000-000000000001', 'HSA', 'Fidelity', 'savings'),
('acc00009-0000-0000-0000-000000000009', '00a00001-0000-0000-0000-000000000001', 'Wells Fargo Credit Line', 'Wells Fargo', 'credit_line'),
('acc00010-0000-0000-0000-000000000010', '00a00001-0000-0000-0000-000000000001', 'Coinbase', 'Coinbase', 'brokerage'),
('acc00011-0000-0000-0000-000000000011', '00a00001-0000-0000-0000-000000000001', 'Hardware Wallet', 'Ledger', 'brokerage'),
('acc00012-0000-0000-0000-000000000012', '00a00001-0000-0000-0000-000000000001', 'Carta - Reve Studios SAFE', 'Carta', 'brokerage'),
('acc00013-0000-0000-0000-000000000013', '00a00001-0000-0000-0000-000000000001', 'Rocket Mortgage', 'Rocket Mortgage', 'loan'),
('acc00014-0000-0000-0000-000000000014', '00a00001-0000-0000-0000-000000000001', 'Venmo', 'Venmo', 'other'),
('acc00015-0000-0000-0000-000000000015', '00a00002-0000-0000-0000-000000000002', 'Chase Checking', 'Chase', 'checking'),
('acc00016-0000-0000-0000-000000000016', '00a00002-0000-0000-0000-000000000002', 'Chase Savings', 'Chase', 'savings');

UPDATE accounts SET original_balance = 8000.00 WHERE id = 'acc00001-0000-0000-0000-000000000001';
UPDATE accounts SET original_balance = 15000.00 WHERE id = 'acc00009-0000-0000-0000-000000000009';
UPDATE accounts SET original_balance = 301000.00 WHERE id = 'acc00013-0000-0000-0000-000000000013';

-- ============================================================
-- Transactions (Quarterly net savings 2016-2025, then monthly detail Sep 2025 - Feb 2026)
-- ============================================================

INSERT INTO transactions (id, user_id, account_id, type, category, amount, date, notes, is_recurring) VALUES
-- Quarterly net savings 2016
('00b00100-0000-0000-0000-000000000100', '00a00001-0000-0000-0000-000000000001', 'acc00002-0000-0000-0000-000000000002', 'deposit', 'income', 1200.00, '2016-01-01', 'Quarterly net savings', 0),
('00b00101-0000-0000-0000-000000000101', '00a00001-0000-0000-0000-000000000001', 'acc00002-0000-0000-0000-000000000002', 'deposit', 'income', 1200.00, '2016-04-01', 'Quarterly net savings', 0),
('00b00102-0000-0000-0000-000000000102', '00a00001-0000-0000-0000-000000000001', 'acc00002-0000-0000-0000-000000000002', 'deposit', 'income', 1200.00, '2016-07-01', 'Quarterly net savings', 0),
('00b00103-0000-0000-0000-000000000103', '00a00001-0000-0000-0000-000000000001', 'acc00002-0000-0000-0000-000000000002', 'deposit', 'income', 1200.00, '2016-10-01', 'Quarterly net savings', 0),
-- Quarterly net savings 2017
('00b00104-0000-0000-0000-000000000104', '00a00001-0000-0000-0000-000000000001', 'acc00002-0000-0000-0000-000000000002', 'deposit', 'income', 1200.00, '2017-01-01', 'Quarterly net savings', 0),
('00b00105-0000-0000-0000-000000000105', '00a00001-0000-0000-0000-000000000001', 'acc00002-0000-0000-0000-000000000002', 'deposit', 'income', 1200.00, '2017-04-01', 'Quarterly net savings', 0),
('00b00106-0000-0000-0000-000000000106', '00a00001-0000-0000-0000-000000000001', 'acc00002-0000-0000-0000-000000000002', 'deposit', 'income', 1200.00, '2017-07-01', 'Quarterly net savings', 0),
('00b00107-0000-0000-0000-000000000107', '00a00001-0000-0000-0000-000000000001', 'acc00002-0000-0000-0000-000000000002', 'deposit', 'income', 1200.00, '2017-10-01', 'Quarterly net savings', 0),
-- Quarterly net savings 2018
('00b00108-0000-0000-0000-000000000108', '00a00001-0000-0000-0000-000000000001', 'acc00002-0000-0000-0000-000000000002', 'deposit', 'income', 1200.00, '2018-01-01', 'Quarterly net savings', 0),
('00b00109-0000-0000-0000-000000000109', '00a00001-0000-0000-0000-000000000001', 'acc00002-0000-0000-0000-000000000002', 'deposit', 'income', 1200.00, '2018-04-01', 'Quarterly net savings', 0),
('00b00110-0000-0000-0000-000000000110', '00a00001-0000-0000-0000-000000000001', 'acc00002-0000-0000-0000-000000000002', 'deposit', 'income', 1200.00, '2018-07-01', 'Quarterly net savings', 0),
('00b00111-0000-0000-0000-000000000111', '00a00001-0000-0000-0000-000000000001', 'acc00002-0000-0000-0000-000000000002', 'deposit', 'income', 1200.00, '2018-10-01', 'Quarterly net savings', 0),
-- Quarterly net savings 2019
('00b00112-0000-0000-0000-000000000112', '00a00001-0000-0000-0000-000000000001', 'acc00002-0000-0000-0000-000000000002', 'deposit', 'income', 1200.00, '2019-01-01', 'Quarterly net savings', 0),
('00b00113-0000-0000-0000-000000000113', '00a00001-0000-0000-0000-000000000001', 'acc00002-0000-0000-0000-000000000002', 'deposit', 'income', 1200.00, '2019-04-01', 'Quarterly net savings', 0),
('00b00114-0000-0000-0000-000000000114', '00a00001-0000-0000-0000-000000000001', 'acc00002-0000-0000-0000-000000000002', 'deposit', 'income', 1200.00, '2019-07-01', 'Quarterly net savings', 0),
('00b00115-0000-0000-0000-000000000115', '00a00001-0000-0000-0000-000000000001', 'acc00002-0000-0000-0000-000000000002', 'deposit', 'income', 1200.00, '2019-10-01', 'Quarterly net savings', 0),
-- Quarterly net savings 2020
('00b00116-0000-0000-0000-000000000116', '00a00001-0000-0000-0000-000000000001', 'acc00002-0000-0000-0000-000000000002', 'deposit', 'income', 1500.00, '2020-01-01', 'Quarterly net savings', 0),
('00b00117-0000-0000-0000-000000000117', '00a00001-0000-0000-0000-000000000001', 'acc00002-0000-0000-0000-000000000002', 'deposit', 'income', 1500.00, '2020-04-01', 'Quarterly net savings', 0),
('00b00118-0000-0000-0000-000000000118', '00a00001-0000-0000-0000-000000000001', 'acc00002-0000-0000-0000-000000000002', 'deposit', 'income', 1500.00, '2020-07-01', 'Quarterly net savings', 0),
('00b00119-0000-0000-0000-000000000119', '00a00001-0000-0000-0000-000000000001', 'acc00002-0000-0000-0000-000000000002', 'deposit', 'income', 1500.00, '2020-10-01', 'Quarterly net savings', 0),
-- Quarterly net savings 2021
('00b00120-0000-0000-0000-000000000120', '00a00001-0000-0000-0000-000000000001', 'acc00002-0000-0000-0000-000000000002', 'deposit', 'income', 1500.00, '2021-01-01', 'Quarterly net savings', 0),
('00b00121-0000-0000-0000-000000000121', '00a00001-0000-0000-0000-000000000001', 'acc00002-0000-0000-0000-000000000002', 'deposit', 'income', 1500.00, '2021-04-01', 'Quarterly net savings', 0),
('00b00122-0000-0000-0000-000000000122', '00a00001-0000-0000-0000-000000000001', 'acc00002-0000-0000-0000-000000000002', 'deposit', 'income', 1500.00, '2021-07-01', 'Quarterly net savings', 0),
('00b00123-0000-0000-0000-000000000123', '00a00001-0000-0000-0000-000000000001', 'acc00002-0000-0000-0000-000000000002', 'deposit', 'income', 1500.00, '2021-10-01', 'Quarterly net savings', 0),
-- Quarterly net savings 2022
('00b00124-0000-0000-0000-000000000124', '00a00001-0000-0000-0000-000000000001', 'acc00002-0000-0000-0000-000000000002', 'deposit', 'income', 1500.00, '2022-01-01', 'Quarterly net savings', 0),
('00b00125-0000-0000-0000-000000000125', '00a00001-0000-0000-0000-000000000001', 'acc00002-0000-0000-0000-000000000002', 'deposit', 'income', 1500.00, '2022-04-01', 'Quarterly net savings', 0),
('00b00126-0000-0000-0000-000000000126', '00a00001-0000-0000-0000-000000000001', 'acc00002-0000-0000-0000-000000000002', 'deposit', 'income', 1500.00, '2022-07-01', 'Quarterly net savings', 0),
('00b00127-0000-0000-0000-000000000127', '00a00001-0000-0000-0000-000000000001', 'acc00002-0000-0000-0000-000000000002', 'deposit', 'income', 1500.00, '2022-10-01', 'Quarterly net savings', 0),
-- Quarterly net savings 2023
('00b00128-0000-0000-0000-000000000128', '00a00001-0000-0000-0000-000000000001', 'acc00002-0000-0000-0000-000000000002', 'deposit', 'income', 800.00, '2023-01-01', 'Quarterly net savings', 0),
('00b00129-0000-0000-0000-000000000129', '00a00001-0000-0000-0000-000000000001', 'acc00002-0000-0000-0000-000000000002', 'deposit', 'income', 800.00, '2023-04-01', 'Quarterly net savings', 0),
('00b00130-0000-0000-0000-000000000130', '00a00001-0000-0000-0000-000000000001', 'acc00002-0000-0000-0000-000000000002', 'deposit', 'income', 800.00, '2023-07-01', 'Quarterly net savings', 0),
('00b00131-0000-0000-0000-000000000131', '00a00001-0000-0000-0000-000000000001', 'acc00002-0000-0000-0000-000000000002', 'deposit', 'income', 800.00, '2023-10-01', 'Quarterly net savings', 0),
-- Quarterly net savings 2024
('00b00132-0000-0000-0000-000000000132', '00a00001-0000-0000-0000-000000000001', 'acc00002-0000-0000-0000-000000000002', 'deposit', 'income', 800.00, '2024-01-01', 'Quarterly net savings', 0),
('00b00133-0000-0000-0000-000000000133', '00a00001-0000-0000-0000-000000000001', 'acc00002-0000-0000-0000-000000000002', 'deposit', 'income', 800.00, '2024-04-01', 'Quarterly net savings', 0),
('00b00134-0000-0000-0000-000000000134', '00a00001-0000-0000-0000-000000000001', 'acc00002-0000-0000-0000-000000000002', 'deposit', 'income', 800.00, '2024-07-01', 'Quarterly net savings', 0),
('00b00135-0000-0000-0000-000000000135', '00a00001-0000-0000-0000-000000000001', 'acc00002-0000-0000-0000-000000000002', 'deposit', 'income', 800.00, '2024-10-01', 'Quarterly net savings', 0),
-- Quarterly net savings 2025
('00b00136-0000-0000-0000-000000000136', '00a00001-0000-0000-0000-000000000001', 'acc00002-0000-0000-0000-000000000002', 'deposit', 'income', 800.00, '2025-01-01', 'Quarterly net savings', 0),
('00b00137-0000-0000-0000-000000000137', '00a00001-0000-0000-0000-000000000001', 'acc00002-0000-0000-0000-000000000002', 'deposit', 'income', 800.00, '2025-04-01', 'Quarterly net savings', 0),

-- Sep 2025
('00b00001-0000-0000-0000-000000000001', '00a00001-0000-0000-0000-000000000001', 'acc00002-0000-0000-0000-000000000002', 'deposit', 'income', 2500.00, '2025-09-01', 'Paycheck', 1),
('00b00002-0000-0000-0000-000000000002', '00a00001-0000-0000-0000-000000000001', 'acc00013-0000-0000-0000-000000000013', 'expense', 'housing', 2500.00, '2025-09-01', 'Mortgage payment', 1),
('00b00003-0000-0000-0000-000000000003', '00a00001-0000-0000-0000-000000000001', 'acc00001-0000-0000-0000-000000000001', 'expense', 'food', 127.43, '2025-09-02', 'Costco groceries', 0),
('00b00004-0000-0000-0000-000000000004', '00a00001-0000-0000-0000-000000000001', 'acc00001-0000-0000-0000-000000000001', 'expense', 'food', 48.90, '2025-09-04', 'Thai Orchid dinner', 0),
('00b00005-0000-0000-0000-000000000005', '00a00001-0000-0000-0000-000000000001', 'acc00009-0000-0000-0000-000000000009', 'expense', 'housing', 250.00, '2025-09-05', 'Credit line payment', 1),
('00b00006-0000-0000-0000-000000000006', '00a00001-0000-0000-0000-000000000001', 'acc00001-0000-0000-0000-000000000001', 'expense', 'pets', 89.50, '2025-09-06', 'Cat food and litter', 0),
('00b00007-0000-0000-0000-000000000007', '00a00001-0000-0000-0000-000000000001', 'acc00001-0000-0000-0000-000000000001', 'expense', 'transportation', 45.00, '2025-09-08', 'Gas', 0),
('00b00008-0000-0000-0000-000000000008', '00a00001-0000-0000-0000-000000000001', 'acc00001-0000-0000-0000-000000000001', 'expense', 'food', 62.15, '2025-09-10', 'Kroger groceries', 0),
('00b00009-0000-0000-0000-000000000009', '00a00001-0000-0000-0000-000000000001', 'acc00002-0000-0000-0000-000000000002', 'expense', 'utilities', 142.30, '2025-09-12', 'Electric bill', 1),
('00b00010-0000-0000-0000-000000000010', '00a00001-0000-0000-0000-000000000001', 'acc00002-0000-0000-0000-000000000002', 'deposit', 'income', 2500.00, '2025-09-15', 'Paycheck', 1),
('00b00011-0000-0000-0000-000000000011', '00a00001-0000-0000-0000-000000000001', 'acc00001-0000-0000-0000-000000000001', 'expense', 'pets', 210.00, '2025-09-16', 'Vet checkup', 0),
('00b00012-0000-0000-0000-000000000012', '00a00001-0000-0000-0000-000000000001', 'acc00001-0000-0000-0000-000000000001', 'expense', 'food', 35.20, '2025-09-18', 'Chipotle', 0),
('00b00013-0000-0000-0000-000000000013', '00a00001-0000-0000-0000-000000000001', 'acc00001-0000-0000-0000-000000000001', 'expense', 'entertainment', 15.99, '2025-09-20', 'Netflix', 1),
('00b00014-0000-0000-0000-000000000014', '00a00001-0000-0000-0000-000000000001', 'acc00014-0000-0000-0000-000000000014', 'deposit', 'income', 150.00, '2025-09-22', 'Comedy show', 0),

-- Oct 2025
('00b00015-0000-0000-0000-000000000015', '00a00001-0000-0000-0000-000000000001', 'acc00002-0000-0000-0000-000000000002', 'deposit', 'income', 2500.00, '2025-10-01', 'Paycheck', 1),
('00b00016-0000-0000-0000-000000000016', '00a00001-0000-0000-0000-000000000001', 'acc00013-0000-0000-0000-000000000013', 'expense', 'housing', 2500.00, '2025-10-01', 'Mortgage payment', 1),
('00b00017-0000-0000-0000-000000000017', '00a00001-0000-0000-0000-000000000001', 'acc00001-0000-0000-0000-000000000001', 'expense', 'food', 145.60, '2025-10-03', 'Costco groceries', 0),
('00b00018-0000-0000-0000-000000000018', '00a00001-0000-0000-0000-000000000001', 'acc00009-0000-0000-0000-000000000009', 'expense', 'housing', 250.00, '2025-10-05', 'Credit line payment', 1),
('00b00019-0000-0000-0000-000000000019', '00a00001-0000-0000-0000-000000000001', 'acc00001-0000-0000-0000-000000000001', 'expense', 'food', 72.30, '2025-10-07', 'Indian Palace dinner', 0),
('00b00020-0000-0000-0000-000000000020', '00a00001-0000-0000-0000-000000000001', 'acc00001-0000-0000-0000-000000000001', 'expense', 'pets', 95.00, '2025-10-08', 'Cat food and toys', 0),
('00b00021-0000-0000-0000-000000000021', '00a00001-0000-0000-0000-000000000001', 'acc00001-0000-0000-0000-000000000001', 'expense', 'home_repair', 450.00, '2025-10-10', 'Furnace repair', 0),
('00b00022-0000-0000-0000-000000000022', '00a00001-0000-0000-0000-000000000001', 'acc00001-0000-0000-0000-000000000001', 'expense', 'food', 58.40, '2025-10-12', 'Kroger groceries', 0),
('00b00023-0000-0000-0000-000000000023', '00a00001-0000-0000-0000-000000000001', 'acc00002-0000-0000-0000-000000000002', 'deposit', 'income', 2500.00, '2025-10-15', 'Paycheck', 1),
('00b00024-0000-0000-0000-000000000024', '00a00001-0000-0000-0000-000000000001', 'acc00002-0000-0000-0000-000000000002', 'expense', 'utilities', 138.70, '2025-10-15', 'Electric bill', 1),
('00b00025-0000-0000-0000-000000000025', '00a00001-0000-0000-0000-000000000001', 'acc00001-0000-0000-0000-000000000001', 'expense', 'transportation', 52.00, '2025-10-17', 'Gas', 0),
('00b00026-0000-0000-0000-000000000026', '00a00001-0000-0000-0000-000000000001', 'acc00001-0000-0000-0000-000000000001', 'expense', 'food', 41.50, '2025-10-19', 'Pizza and wings', 0),
('00b00027-0000-0000-0000-000000000027', '00a00001-0000-0000-0000-000000000001', 'acc00001-0000-0000-0000-000000000001', 'expense', 'entertainment', 15.99, '2025-10-20', 'Netflix', 1),
('00b00028-0000-0000-0000-000000000028', '00a00001-0000-0000-0000-000000000001', 'acc00014-0000-0000-0000-000000000014', 'deposit', 'income', 200.00, '2025-10-25', 'Comedy show', 0),
('00b00092-0000-0000-0000-000000000092', '00a00001-0000-0000-0000-000000000001', 'acc00002-0000-0000-0000-000000000002', 'transfer', 'credit_card_payment', 634.17, '2025-10-25', 'Amex statement payment', 0),

-- Nov 2025
('00b00029-0000-0000-0000-000000000029', '00a00001-0000-0000-0000-000000000001', 'acc00002-0000-0000-0000-000000000002', 'deposit', 'income', 2500.00, '2025-11-01', 'Paycheck', 1),
('00b00030-0000-0000-0000-000000000030', '00a00001-0000-0000-0000-000000000001', 'acc00013-0000-0000-0000-000000000013', 'expense', 'housing', 2500.00, '2025-11-01', 'Mortgage payment', 1),
('00b00031-0000-0000-0000-000000000031', '00a00001-0000-0000-0000-000000000001', 'acc00001-0000-0000-0000-000000000001', 'expense', 'food', 189.20, '2025-11-02', 'Costco groceries', 0),
('00b00032-0000-0000-0000-000000000032', '00a00001-0000-0000-0000-000000000001', 'acc00009-0000-0000-0000-000000000009', 'expense', 'housing', 250.00, '2025-11-05', 'Credit line payment', 1),
('00b00033-0000-0000-0000-000000000033', '00a00001-0000-0000-0000-000000000001', 'acc00001-0000-0000-0000-000000000001', 'expense', 'food', 95.40, '2025-11-06', 'Thanksgiving prep shopping', 0),
('00b00034-0000-0000-0000-000000000034', '00a00001-0000-0000-0000-000000000001', 'acc00001-0000-0000-0000-000000000001', 'expense', 'pets', 78.00, '2025-11-08', 'Cat food and litter', 0),
('00b00035-0000-0000-0000-000000000035', '00a00001-0000-0000-0000-000000000001', 'acc00001-0000-0000-0000-000000000001', 'expense', 'transportation', 48.00, '2025-11-10', 'Gas', 0),
('00b00036-0000-0000-0000-000000000036', '00a00001-0000-0000-0000-000000000001', 'acc00002-0000-0000-0000-000000000002', 'deposit', 'income', 2500.00, '2025-11-15', 'Paycheck', 1),
('00b00037-0000-0000-0000-000000000037', '00a00001-0000-0000-0000-000000000001', 'acc00002-0000-0000-0000-000000000002', 'expense', 'utilities', 168.90, '2025-11-15', 'Electric bill', 1),
('00b00038-0000-0000-0000-000000000038', '00a00001-0000-0000-0000-000000000001', 'acc00001-0000-0000-0000-000000000001', 'expense', 'food', 67.80, '2025-11-18', 'Kroger groceries', 0),
('00b00039-0000-0000-0000-000000000039', '00a00001-0000-0000-0000-000000000001', 'acc00001-0000-0000-0000-000000000001', 'expense', 'entertainment', 15.99, '2025-11-20', 'Netflix', 1),
('00b00040-0000-0000-0000-000000000040', '00a00001-0000-0000-0000-000000000001', 'acc00001-0000-0000-0000-000000000001', 'expense', 'food', 215.30, '2025-11-25', 'Thanksgiving groceries', 0),
('00b00041-0000-0000-0000-000000000041', '00a00001-0000-0000-0000-000000000001', 'acc00001-0000-0000-0000-000000000001', 'expense', 'shopping', 340.00, '2025-11-29', 'Black Friday deals', 0),
('00b00093-0000-0000-0000-000000000093', '00a00001-0000-0000-0000-000000000001', 'acc00002-0000-0000-0000-000000000002', 'transfer', 'credit_card_payment', 930.79, '2025-11-25', 'Amex statement payment', 0),

-- Dec 2025
('00b00042-0000-0000-0000-000000000042', '00a00001-0000-0000-0000-000000000001', 'acc00002-0000-0000-0000-000000000002', 'deposit', 'income', 2500.00, '2025-12-01', 'Paycheck', 1),
('00b00043-0000-0000-0000-000000000043', '00a00001-0000-0000-0000-000000000001', 'acc00013-0000-0000-0000-000000000013', 'expense', 'housing', 2500.00, '2025-12-01', 'Mortgage payment', 1),
('00b00044-0000-0000-0000-000000000044', '00a00001-0000-0000-0000-000000000001', 'acc00001-0000-0000-0000-000000000001', 'expense', 'food', 132.80, '2025-12-03', 'Costco groceries', 0),
('00b00045-0000-0000-0000-000000000045', '00a00001-0000-0000-0000-000000000001', 'acc00009-0000-0000-0000-000000000009', 'expense', 'housing', 250.00, '2025-12-05', 'Credit line payment', 1),
('00b00046-0000-0000-0000-000000000046', '00a00001-0000-0000-0000-000000000001', 'acc00001-0000-0000-0000-000000000001', 'expense', 'pets', 120.00, '2025-12-06', 'Cat food and vet', 0),
('00b00047-0000-0000-0000-000000000047', '00a00001-0000-0000-0000-000000000001', 'acc00001-0000-0000-0000-000000000001', 'expense', 'food', 88.60, '2025-12-08', 'Sushi dinner', 0),
('00b00048-0000-0000-0000-000000000048', '00a00001-0000-0000-0000-000000000001', 'acc00001-0000-0000-0000-000000000001', 'expense', 'shopping', 520.00, '2025-12-10', 'Christmas gifts', 0),
('00b00049-0000-0000-0000-000000000049', '00a00001-0000-0000-0000-000000000001', 'acc00002-0000-0000-0000-000000000002', 'expense', 'utilities', 195.40, '2025-12-12', 'Electric bill', 1),
('00b00050-0000-0000-0000-000000000050', '00a00001-0000-0000-0000-000000000001', 'acc00002-0000-0000-0000-000000000002', 'deposit', 'income', 2500.00, '2025-12-15', 'Paycheck', 1),
('00b00051-0000-0000-0000-000000000051', '00a00001-0000-0000-0000-000000000001', 'acc00001-0000-0000-0000-000000000001', 'expense', 'transportation', 55.00, '2025-12-16', 'Gas', 0),
('00b00052-0000-0000-0000-000000000052', '00a00001-0000-0000-0000-000000000001', 'acc00001-0000-0000-0000-000000000001', 'expense', 'food', 74.20, '2025-12-18', 'Kroger groceries', 0),
('00b00053-0000-0000-0000-000000000053', '00a00001-0000-0000-0000-000000000001', 'acc00001-0000-0000-0000-000000000001', 'expense', 'entertainment', 15.99, '2025-12-20', 'Netflix', 1),
('00b00054-0000-0000-0000-000000000054', '00a00001-0000-0000-0000-000000000001', 'acc00001-0000-0000-0000-000000000001', 'expense', 'home_repair', 280.00, '2025-12-22', 'Plumbing repair', 0),
('00b00055-0000-0000-0000-000000000055', '00a00001-0000-0000-0000-000000000001', 'acc00014-0000-0000-0000-000000000014', 'deposit', 'income', 300.00, '2025-12-28', 'Comedy show - NYE weekend', 0),
('00b00094-0000-0000-0000-000000000094', '00a00001-0000-0000-0000-000000000001', 'acc00002-0000-0000-0000-000000000002', 'transfer', 'credit_card_payment', 1049.69, '2025-12-25', 'Amex statement payment', 0),

-- Jan 2026
('00b00056-0000-0000-0000-000000000056', '00a00001-0000-0000-0000-000000000001', 'acc00002-0000-0000-0000-000000000002', 'deposit', 'income', 2500.00, '2026-01-02', 'Paycheck', 1),
('00b00057-0000-0000-0000-000000000057', '00a00001-0000-0000-0000-000000000001', 'acc00013-0000-0000-0000-000000000013', 'expense', 'housing', 2500.00, '2026-01-02', 'Mortgage payment', 1),
('00b00058-0000-0000-0000-000000000058', '00a00001-0000-0000-0000-000000000001', 'acc00001-0000-0000-0000-000000000001', 'expense', 'food', 118.90, '2026-01-04', 'Costco groceries', 0),
('00b00059-0000-0000-0000-000000000059', '00a00001-0000-0000-0000-000000000001', 'acc00009-0000-0000-0000-000000000009', 'expense', 'housing', 250.00, '2026-01-05', 'Credit line payment', 1),
('00b00060-0000-0000-0000-000000000060', '00a00001-0000-0000-0000-000000000001', 'acc00001-0000-0000-0000-000000000001', 'expense', 'food', 52.70, '2026-01-07', 'Ramen house dinner', 0),
('00b00061-0000-0000-0000-000000000061', '00a00001-0000-0000-0000-000000000001', 'acc00001-0000-0000-0000-000000000001', 'expense', 'pets', 85.00, '2026-01-09', 'Cat food and litter', 0),
('00b00062-0000-0000-0000-000000000062', '00a00001-0000-0000-0000-000000000001', 'acc00001-0000-0000-0000-000000000001', 'expense', 'transportation', 42.00, '2026-01-11', 'Gas', 0),
('00b00063-0000-0000-0000-000000000063', '00a00001-0000-0000-0000-000000000001', 'acc00002-0000-0000-0000-000000000002', 'deposit', 'income', 2500.00, '2026-01-15', 'Paycheck', 1),
('00b00064-0000-0000-0000-000000000064', '00a00001-0000-0000-0000-000000000001', 'acc00002-0000-0000-0000-000000000002', 'expense', 'utilities', 210.50, '2026-01-15', 'Electric bill', 1),
('00b00065-0000-0000-0000-000000000065', '00a00001-0000-0000-0000-000000000001', 'acc00001-0000-0000-0000-000000000001', 'expense', 'food', 63.40, '2026-01-17', 'Kroger groceries', 0),
('00b00066-0000-0000-0000-000000000066', '00a00001-0000-0000-0000-000000000001', 'acc00001-0000-0000-0000-000000000001', 'expense', 'entertainment', 15.99, '2026-01-20', 'Netflix', 1),
('00b00067-0000-0000-0000-000000000067', '00a00001-0000-0000-0000-000000000001', 'acc00001-0000-0000-0000-000000000001', 'expense', 'health', 45.00, '2026-01-22', 'Doctor copay', 0),
('00b00068-0000-0000-0000-000000000068', '00a00001-0000-0000-0000-000000000001', 'acc00014-0000-0000-0000-000000000014', 'deposit', 'income', 100.00, '2026-01-26', 'Comedy open mic tips', 0),
('00b00095-0000-0000-0000-000000000095', '00a00001-0000-0000-0000-000000000001', 'acc00002-0000-0000-0000-000000000002', 'transfer', 'credit_card_payment', 1286.59, '2026-01-25', 'Amex statement payment', 0),

-- Feb 2026
('00b00069-0000-0000-0000-000000000069', '00a00001-0000-0000-0000-000000000001', 'acc00002-0000-0000-0000-000000000002', 'deposit', 'income', 2500.00, '2026-02-01', 'Paycheck', 1),
('00b00070-0000-0000-0000-000000000070', '00a00001-0000-0000-0000-000000000001', 'acc00013-0000-0000-0000-000000000013', 'expense', 'housing', 2500.00, '2026-02-01', 'Mortgage payment', 1),
('00b00071-0000-0000-0000-000000000071', '00a00001-0000-0000-0000-000000000001', 'acc00001-0000-0000-0000-000000000001', 'expense', 'food', 155.30, '2026-02-03', 'Costco groceries', 0),
('00b00072-0000-0000-0000-000000000072', '00a00001-0000-0000-0000-000000000001', 'acc00009-0000-0000-0000-000000000009', 'expense', 'housing', 250.00, '2026-02-05', 'Credit line payment', 1),
('00b00073-0000-0000-0000-000000000073', '00a00001-0000-0000-0000-000000000001', 'acc00001-0000-0000-0000-000000000001', 'expense', 'food', 110.00, '2026-02-06', 'Valentines dinner', 0),
('00b00074-0000-0000-0000-000000000074', '00a00001-0000-0000-0000-000000000001', 'acc00001-0000-0000-0000-000000000001', 'expense', 'pets', 92.00, '2026-02-08', 'Cat food and litter', 0),
('00b00075-0000-0000-0000-000000000075', '00a00001-0000-0000-0000-000000000001', 'acc00001-0000-0000-0000-000000000001', 'expense', 'transportation', 49.00, '2026-02-10', 'Gas', 0),
('00b00076-0000-0000-0000-000000000076', '00a00001-0000-0000-0000-000000000001', 'acc00001-0000-0000-0000-000000000001', 'expense', 'food', 71.60, '2026-02-12', 'Kroger groceries', 0),
('00b00077-0000-0000-0000-000000000077', '00a00001-0000-0000-0000-000000000001', 'acc00002-0000-0000-0000-000000000002', 'deposit', 'income', 2500.00, '2026-02-15', 'Paycheck', 1),
('00b00078-0000-0000-0000-000000000078', '00a00001-0000-0000-0000-000000000001', 'acc00002-0000-0000-0000-000000000002', 'expense', 'utilities', 185.20, '2026-02-15', 'Electric bill', 1),
('00b00079-0000-0000-0000-000000000079', '00a00001-0000-0000-0000-000000000001', 'acc00001-0000-0000-0000-000000000001', 'expense', 'entertainment', 15.99, '2026-02-20', 'Netflix', 1),
('00b00080-0000-0000-0000-000000000080', '00a00001-0000-0000-0000-000000000001', 'acc00001-0000-0000-0000-000000000001', 'expense', 'home_repair', 650.00, '2026-02-22', 'Water heater repair', 0),
('00b00081-0000-0000-0000-000000000081', '00a00001-0000-0000-0000-000000000001', 'acc00014-0000-0000-0000-000000000014', 'deposit', 'income', 175.00, '2026-02-24', 'Comedy show', 0),
('00b00096-0000-0000-0000-000000000096', '00a00001-0000-0000-0000-000000000001', 'acc00002-0000-0000-0000-000000000002', 'transfer', 'credit_card_payment', 422.99, '2026-02-25', 'Amex statement payment', 0),

-- Mar 2026
('00b00086-0000-0000-0000-000000000086', '00a00001-0000-0000-0000-000000000001', 'acc00002-0000-0000-0000-000000000002', 'deposit', 'income', 2500.00, '2026-03-01', 'Paycheck', 1),
('00b00087-0000-0000-0000-000000000087', '00a00001-0000-0000-0000-000000000001', 'acc00013-0000-0000-0000-000000000013', 'expense', 'housing', 2500.00, '2026-03-01', 'Mortgage payment', 1),
('00b00088-0000-0000-0000-000000000088', '00a00001-0000-0000-0000-000000000001', 'acc00001-0000-0000-0000-000000000001', 'expense', 'food', 142.60, '2026-03-02', 'Costco groceries', 0),
('00b00089-0000-0000-0000-000000000089', '00a00001-0000-0000-0000-000000000001', 'acc00009-0000-0000-0000-000000000009', 'expense', 'housing', 250.00, '2026-03-05', 'Credit line payment', 1),
('00b00090-0000-0000-0000-000000000090', '00a00001-0000-0000-0000-000000000001', 'acc00001-0000-0000-0000-000000000001', 'expense', 'food', 68.30, '2026-03-06', 'Sushi dinner', 0),
('00b00091-0000-0000-0000-000000000091', '00a00001-0000-0000-0000-000000000001', 'acc00001-0000-0000-0000-000000000001', 'expense', 'pets', 88.00, '2026-03-07', 'Cat food and litter', 0),
('00b00097-0000-0000-0000-000000000097', '00a00001-0000-0000-0000-000000000001', 'acc00002-0000-0000-0000-000000000002', 'transfer', 'credit_card_payment', 1143.89, '2026-03-08', 'Amex statement payment', 0),

-- Alex transactions
('00b00082-0000-0000-0000-000000000082', '00a00002-0000-0000-0000-000000000002', 'acc00015-0000-0000-0000-000000000015', 'deposit', 'income', 3200.00, '2026-01-15', 'Paycheck', 1),
('00b00083-0000-0000-0000-000000000083', '00a00002-0000-0000-0000-000000000002', 'acc00015-0000-0000-0000-000000000015', 'expense', 'food', 85.00, '2026-01-18', 'Groceries', 0),
('00b00084-0000-0000-0000-000000000084', '00a00002-0000-0000-0000-000000000002', 'acc00015-0000-0000-0000-000000000015', 'deposit', 'income', 3200.00, '2026-02-01', 'Paycheck', 1),
('00b00085-0000-0000-0000-000000000085', '00a00002-0000-0000-0000-000000000002', 'acc00015-0000-0000-0000-000000000015', 'expense', 'food', 92.50, '2026-02-05', 'Groceries', 0);

-- ============================================================
-- Transaction Tags
-- ============================================================

INSERT INTO transaction_tags (id, transaction_id, tag) VALUES
('0ab00001-0000-0000-0000-000000000001', '00b00003-0000-0000-0000-000000000003', 'bulk-buy'),
('0ab00002-0000-0000-0000-000000000002', '00b00004-0000-0000-0000-000000000004', 'date-night'),
('0ab00003-0000-0000-0000-000000000003', '00b00021-0000-0000-0000-000000000021', 'emergency'),
('0ab00004-0000-0000-0000-000000000004', '00b00040-0000-0000-0000-000000000040', 'holiday'),
('0ab00005-0000-0000-0000-000000000005', '00b00041-0000-0000-0000-000000000041', 'holiday'),
('0ab00006-0000-0000-0000-000000000006', '00b00048-0000-0000-0000-000000000048', 'holiday'),
('0ab00007-0000-0000-0000-000000000007', '00b00054-0000-0000-0000-000000000054', 'emergency'),
('0ab00008-0000-0000-0000-000000000008', '00b00073-0000-0000-0000-000000000073', 'date-night'),
('0ab00009-0000-0000-0000-000000000009', '00b00080-0000-0000-0000-000000000080', 'emergency'),
('0ab00010-0000-0000-0000-000000000010', '00b00014-0000-0000-0000-000000000014', 'side-hustle'),
('0ab00011-0000-0000-0000-000000000011', '00b00028-0000-0000-0000-000000000028', 'side-hustle'),
('0ab00012-0000-0000-0000-000000000012', '00b00055-0000-0000-0000-000000000055', 'side-hustle'),
('0ab00013-0000-0000-0000-000000000013', '00b00068-0000-0000-0000-000000000068', 'side-hustle'),
('0ab00014-0000-0000-0000-000000000014', '00b00081-0000-0000-0000-000000000081', 'side-hustle');

-- ============================================================
-- Assets
-- ============================================================

INSERT INTO assets (id, user_id, account_id, name, asset_type, current_value, metadata) VALUES
('0a500001-0000-0000-0000-000000000001', '00a00001-0000-0000-0000-000000000001', 'acc00013-0000-0000-0000-000000000013', 'Home', 'real_estate', 308000.00,
 '{"purchase_price":301000,"purchase_date":"2023-04-01","down_payment_percent":5,"mortgage_rate":6.875,"mortgage_term_years":30,"current_valuation":308000,"monthly_payment":2500,"extra_principal_monthly":0,"includes_pmi":true,"includes_insurance":true,"includes_escrow":true}'),

('0a500002-0000-0000-0000-000000000002', '00a00001-0000-0000-0000-000000000001', 'acc00012-0000-0000-0000-000000000012', 'Reve Studios SAFE', 'safe_agreement', 30000.00,
 '{"company_name":"Reve Studios","ownership_percentage":1.0,"valuation_cap":3000000,"discount_rate":null,"pro_rata_rights":false,"investment_date":"2024-01-01"}'),

('0a500003-0000-0000-0000-000000000003', '00a00001-0000-0000-0000-000000000001', 'acc00005-0000-0000-0000-000000000005', 'Roth IRA', 'retirement', 15000.00,
 '{"provider":"Fidelity","account_subtype":"roth_ira","employer_match_percent":null,"contribution_rate_percent":null,"cash_balance":10000,"invested_balance":5000}'),

('0a500004-0000-0000-0000-000000000004', '00a00001-0000-0000-0000-000000000001', 'acc00007-0000-0000-0000-000000000007', '401k', 'retirement', 4200.00,
 '{"provider":"The Standard","account_subtype":"traditional_401k","employer_match_percent":3,"contribution_rate_percent":6,"cash_balance":200,"invested_balance":4000}'),

('0a500005-0000-0000-0000-000000000005', '00a00001-0000-0000-0000-000000000001', 'acc00008-0000-0000-0000-000000000008', 'HSA', 'retirement', 2000.00,
 '{"provider":"Fidelity","account_subtype":"hsa","employer_match_percent":null,"contribution_rate_percent":null,"cash_balance":2000,"invested_balance":0}'),

('0a500006-0000-0000-0000-000000000006', '00a00001-0000-0000-0000-000000000001', 'acc00006-0000-0000-0000-000000000006', 'Rollover IRA', 'retirement', 42000.00,
 '{"provider":"Fidelity","account_subtype":"rollover_ira","employer_match_percent":null,"contribution_rate_percent":null,"cash_balance":2000,"invested_balance":40000}');

-- ============================================================
-- Asset History (quarterly snapshots 2016-2025, monthly detail Sep 2025 - Feb 2026)
-- ============================================================

INSERT INTO asset_history (id, asset_id, value, recorded_at) VALUES
-- Rollover IRA quarterly 2016-2025
('0ac00001-0000-0000-0000-000000000001', '0a500006-0000-0000-0000-000000000006', 5000.00, '2016-01-01'),
('0ac00002-0000-0000-0000-000000000002', '0a500006-0000-0000-0000-000000000006', 6200.00, '2016-04-01'),
('0ac00003-0000-0000-0000-000000000003', '0a500006-0000-0000-0000-000000000006', 7100.00, '2016-07-01'),
('0ac00004-0000-0000-0000-000000000004', '0a500006-0000-0000-0000-000000000006', 7800.00, '2016-10-01'),
('0ac00005-0000-0000-0000-000000000005', '0a500006-0000-0000-0000-000000000006', 8500.00, '2017-01-01'),
('0ac00006-0000-0000-0000-000000000006', '0a500006-0000-0000-0000-000000000006', 9800.00, '2017-04-01'),
('0ac00007-0000-0000-0000-000000000007', '0a500006-0000-0000-0000-000000000006', 10500.00, '2017-07-01'),
('0ac00008-0000-0000-0000-000000000008', '0a500006-0000-0000-0000-000000000006', 11200.00, '2017-10-01'),
('0ac00009-0000-0000-0000-000000000009', '0a500006-0000-0000-0000-000000000006', 12500.00, '2018-01-01'),
('0ac00010-0000-0000-0000-000000000010', '0a500006-0000-0000-0000-000000000006', 13200.00, '2018-04-01'),
('0ac00011-0000-0000-0000-000000000011', '0a500006-0000-0000-0000-000000000006', 13800.00, '2018-07-01'),
('0ac00012-0000-0000-0000-000000000012', '0a500006-0000-0000-0000-000000000006', 11400.00, '2018-10-01'),
('0ac00013-0000-0000-0000-000000000013', '0a500006-0000-0000-0000-000000000006', 13100.00, '2019-01-01'),
('0ac00014-0000-0000-0000-000000000014', '0a500006-0000-0000-0000-000000000006', 14800.00, '2019-04-01'),
('0ac00015-0000-0000-0000-000000000015', '0a500006-0000-0000-0000-000000000006', 15600.00, '2019-07-01'),
('0ac00016-0000-0000-0000-000000000016', '0a500006-0000-0000-0000-000000000006', 17200.00, '2019-10-01'),
('0ac00017-0000-0000-0000-000000000017', '0a500006-0000-0000-0000-000000000006', 12800.00, '2020-01-01'),
('0ac00018-0000-0000-0000-000000000018', '0a500006-0000-0000-0000-000000000006', 16200.00, '2020-04-01'),
('0ac00019-0000-0000-0000-000000000019', '0a500006-0000-0000-0000-000000000006', 18500.00, '2020-07-01'),
('0ac00020-0000-0000-0000-000000000020', '0a500006-0000-0000-0000-000000000006', 20100.00, '2020-10-01'),
('0ac00021-0000-0000-0000-000000000021', '0a500006-0000-0000-0000-000000000006', 22500.00, '2021-01-01'),
('0ac00022-0000-0000-0000-000000000022', '0a500006-0000-0000-0000-000000000006', 25200.00, '2021-04-01'),
('0ac00023-0000-0000-0000-000000000023', '0a500006-0000-0000-0000-000000000006', 27000.00, '2021-07-01'),
('0ac00024-0000-0000-0000-000000000024', '0a500006-0000-0000-0000-000000000006', 29800.00, '2021-10-01'),
('0ac00025-0000-0000-0000-000000000025', '0a500006-0000-0000-0000-000000000006', 27500.00, '2022-01-01'),
('0ac00026-0000-0000-0000-000000000026', '0a500006-0000-0000-0000-000000000006', 24200.00, '2022-04-01'),
('0ac00027-0000-0000-0000-000000000027', '0a500006-0000-0000-0000-000000000006', 22800.00, '2022-07-01'),
('0ac00028-0000-0000-0000-000000000028', '0a500006-0000-0000-0000-000000000006', 24500.00, '2022-10-01'),
('0ac00029-0000-0000-0000-000000000029', '0a500006-0000-0000-0000-000000000006', 26200.00, '2023-01-01'),
('0ac00030-0000-0000-0000-000000000030', '0a500006-0000-0000-0000-000000000006', 28400.00, '2023-04-01'),
('0ac00031-0000-0000-0000-000000000031', '0a500006-0000-0000-0000-000000000006', 30500.00, '2023-07-01'),
('0ac00032-0000-0000-0000-000000000032', '0a500006-0000-0000-0000-000000000006', 32000.00, '2023-10-01'),
('0ac00033-0000-0000-0000-000000000033', '0a500006-0000-0000-0000-000000000006', 33500.00, '2024-01-01'),
('0ac00034-0000-0000-0000-000000000034', '0a500006-0000-0000-0000-000000000006', 35800.00, '2024-04-01'),
('0ac00035-0000-0000-0000-000000000035', '0a500006-0000-0000-0000-000000000006', 37200.00, '2024-07-01'),
('0ac00036-0000-0000-0000-000000000036', '0a500006-0000-0000-0000-000000000006', 35400.00, '2024-10-01'),
('0ac00037-0000-0000-0000-000000000037', '0a500006-0000-0000-0000-000000000006', 37800.00, '2025-01-01'),
('0ac00038-0000-0000-0000-000000000038', '0a500006-0000-0000-0000-000000000006', 39500.00, '2025-04-01'),

-- Roth IRA quarterly 2016-2025 then monthly Sep 2025 - Feb 2026
('0ac00039-0000-0000-0000-000000000039', '0a500003-0000-0000-0000-000000000003', 1500.00, '2016-01-01'),
('0ac00040-0000-0000-0000-000000000040', '0a500003-0000-0000-0000-000000000003', 2800.00, '2016-04-01'),
('0ac00041-0000-0000-0000-000000000041', '0a500003-0000-0000-0000-000000000003', 3200.00, '2016-07-01'),
('0ac00042-0000-0000-0000-000000000042', '0a500003-0000-0000-0000-000000000003', 3600.00, '2016-10-01'),
('0ac00043-0000-0000-0000-000000000043', '0a500003-0000-0000-0000-000000000003', 4200.00, '2017-01-01'),
('0ac00044-0000-0000-0000-000000000044', '0a500003-0000-0000-0000-000000000003', 5100.00, '2017-04-01'),
('0ac00045-0000-0000-0000-000000000045', '0a500003-0000-0000-0000-000000000003', 5800.00, '2017-07-01'),
('0ac00046-0000-0000-0000-000000000046', '0a500003-0000-0000-0000-000000000003', 6400.00, '2017-10-01'),
('0ac00047-0000-0000-0000-000000000047', '0a500003-0000-0000-0000-000000000003', 7200.00, '2018-01-01'),
('0ac00048-0000-0000-0000-000000000048', '0a500003-0000-0000-0000-000000000003', 7800.00, '2018-04-01'),
('0ac00049-0000-0000-0000-000000000049', '0a500003-0000-0000-0000-000000000003', 8100.00, '2018-07-01'),
('0ac00050-0000-0000-0000-000000000050', '0a500003-0000-0000-0000-000000000003', 6900.00, '2018-10-01'),
('0ac00051-0000-0000-0000-000000000051', '0a500003-0000-0000-0000-000000000003', 7800.00, '2019-01-01'),
('0ac00052-0000-0000-0000-000000000052', '0a500003-0000-0000-0000-000000000003', 8500.00, '2019-04-01'),
('0ac00053-0000-0000-0000-000000000053', '0a500003-0000-0000-0000-000000000003', 9200.00, '2019-07-01'),
('0ac00054-0000-0000-0000-000000000054', '0a500003-0000-0000-0000-000000000003', 10100.00, '2019-10-01'),
('0ac00055-0000-0000-0000-000000000055', '0a500003-0000-0000-0000-000000000003', 7400.00, '2020-01-01'),
('0ac00056-0000-0000-0000-000000000056', '0a500003-0000-0000-0000-000000000003', 9200.00, '2020-04-01'),
('0ac00057-0000-0000-0000-000000000057', '0a500003-0000-0000-0000-000000000003', 10800.00, '2020-07-01'),
('0ac00058-0000-0000-0000-000000000058', '0a500003-0000-0000-0000-000000000003', 11500.00, '2020-10-01'),
('0ac00059-0000-0000-0000-000000000059', '0a500003-0000-0000-0000-000000000003', 12200.00, '2021-01-01'),
('0ac00060-0000-0000-0000-000000000060', '0a500003-0000-0000-0000-000000000003', 13100.00, '2021-04-01'),
('0ac00061-0000-0000-0000-000000000061', '0a500003-0000-0000-0000-000000000003', 13800.00, '2021-07-01'),
('0ac00062-0000-0000-0000-000000000062', '0a500003-0000-0000-0000-000000000003', 14500.00, '2021-10-01'),
('0ac00063-0000-0000-0000-000000000063', '0a500003-0000-0000-0000-000000000003', 13200.00, '2022-01-01'),
('0ac00064-0000-0000-0000-000000000064', '0a500003-0000-0000-0000-000000000003', 11800.00, '2022-04-01'),
('0ac00065-0000-0000-0000-000000000065', '0a500003-0000-0000-0000-000000000003', 11200.00, '2022-07-01'),
('0ac00066-0000-0000-0000-000000000066', '0a500003-0000-0000-0000-000000000003', 11800.00, '2022-10-01'),
('0ac00067-0000-0000-0000-000000000067', '0a500003-0000-0000-0000-000000000003', 12400.00, '2023-01-01'),
('0ac00068-0000-0000-0000-000000000068', '0a500003-0000-0000-0000-000000000003', 12800.00, '2023-04-01'),
('0ac00069-0000-0000-0000-000000000069', '0a500003-0000-0000-0000-000000000003', 13200.00, '2023-07-01'),
('0ac00070-0000-0000-0000-000000000070', '0a500003-0000-0000-0000-000000000003', 13500.00, '2023-10-01'),
('0ac00071-0000-0000-0000-000000000071', '0a500003-0000-0000-0000-000000000003', 13000.00, '2024-01-01'),
('0ac00072-0000-0000-0000-000000000072', '0a500003-0000-0000-0000-000000000003', 13600.00, '2024-04-01'),
('0ac00073-0000-0000-0000-000000000073', '0a500003-0000-0000-0000-000000000003', 14200.00, '2024-07-01'),
('0ac00074-0000-0000-0000-000000000074', '0a500003-0000-0000-0000-000000000003', 12800.00, '2024-10-01'),
('0ac00075-0000-0000-0000-000000000075', '0a500003-0000-0000-0000-000000000003', 12200.00, '2025-01-01'),
('0ac00076-0000-0000-0000-000000000076', '0a500003-0000-0000-0000-000000000003', 12500.00, '2025-04-01'),
('0ac00077-0000-0000-0000-000000000077', '0a500003-0000-0000-0000-000000000003', 12800.00, '2025-09-01'),
('0ac00078-0000-0000-0000-000000000078', '0a500003-0000-0000-0000-000000000003', 13100.00, '2025-10-01'),
('0ac00079-0000-0000-0000-000000000079', '0a500003-0000-0000-0000-000000000003', 13500.00, '2025-11-01'),
('0ac00080-0000-0000-0000-000000000080', '0a500003-0000-0000-0000-000000000003', 14200.00, '2025-12-01'),
('0ac00081-0000-0000-0000-000000000081', '0a500003-0000-0000-0000-000000000003', 14600.00, '2026-01-01'),
('0ac00082-0000-0000-0000-000000000082', '0a500003-0000-0000-0000-000000000003', 15000.00, '2026-02-01'),

-- Home quarterly Q2 2023 - Q2 2025 then monthly Sep 2025 - Feb 2026
('0ac00083-0000-0000-0000-000000000083', '0a500001-0000-0000-0000-000000000001', 301000.00, '2023-04-01'),
('0ac00084-0000-0000-0000-000000000084', '0a500001-0000-0000-0000-000000000001', 302000.00, '2023-07-01'),
('0ac00085-0000-0000-0000-000000000085', '0a500001-0000-0000-0000-000000000001', 303500.00, '2023-10-01'),
('0ac00086-0000-0000-0000-000000000086', '0a500001-0000-0000-0000-000000000001', 298000.00, '2024-01-01'),
('0ac00087-0000-0000-0000-000000000087', '0a500001-0000-0000-0000-000000000001', 295000.00, '2024-04-01'),
('0ac00088-0000-0000-0000-000000000088', '0a500001-0000-0000-0000-000000000001', 297500.00, '2024-07-01'),
('0ac00089-0000-0000-0000-000000000089', '0a500001-0000-0000-0000-000000000001', 300000.00, '2024-10-01'),
('0ac00090-0000-0000-0000-000000000090', '0a500001-0000-0000-0000-000000000001', 299000.00, '2025-01-01'),
('0ac00091-0000-0000-0000-000000000091', '0a500001-0000-0000-0000-000000000001', 300500.00, '2025-04-01'),
('0ac00092-0000-0000-0000-000000000092', '0a500001-0000-0000-0000-000000000001', 301000.00, '2025-09-01'),
('0ac00093-0000-0000-0000-000000000093', '0a500001-0000-0000-0000-000000000001', 302500.00, '2025-10-01'),
('0ac00094-0000-0000-0000-000000000094', '0a500001-0000-0000-0000-000000000001', 303000.00, '2025-11-01'),
('0ac00095-0000-0000-0000-000000000095', '0a500001-0000-0000-0000-000000000001', 305000.00, '2025-12-01'),
('0ac00096-0000-0000-0000-000000000096', '0a500001-0000-0000-0000-000000000001', 306500.00, '2026-01-01'),
('0ac00097-0000-0000-0000-000000000097', '0a500001-0000-0000-0000-000000000001', 308000.00, '2026-02-01'),

-- SAFE quarterly Q1 2024 - Q2 2025 then monthly Sep 2025 - Feb 2026
('0ac00098-0000-0000-0000-000000000098', '0a500002-0000-0000-0000-000000000002', 30000.00, '2024-01-01'),
('0ac00099-0000-0000-0000-000000000099', '0a500002-0000-0000-0000-000000000002', 30000.00, '2024-04-01'),
('0ac00100-0000-0000-0000-000000000100', '0a500002-0000-0000-0000-000000000002', 30000.00, '2024-07-01'),
('0ac00101-0000-0000-0000-000000000101', '0a500002-0000-0000-0000-000000000002', 30000.00, '2024-10-01'),
('0ac00102-0000-0000-0000-000000000102', '0a500002-0000-0000-0000-000000000002', 30000.00, '2025-01-01'),
('0ac00103-0000-0000-0000-000000000103', '0a500002-0000-0000-0000-000000000002', 30000.00, '2025-04-01'),
('0ac00104-0000-0000-0000-000000000104', '0a500002-0000-0000-0000-000000000002', 30000.00, '2025-09-01'),
('0ac00105-0000-0000-0000-000000000105', '0a500002-0000-0000-0000-000000000002', 30000.00, '2025-10-01'),
('0ac00106-0000-0000-0000-000000000106', '0a500002-0000-0000-0000-000000000002', 30000.00, '2025-11-01'),
('0ac00107-0000-0000-0000-000000000107', '0a500002-0000-0000-0000-000000000002', 30000.00, '2025-12-01'),
('0ac00108-0000-0000-0000-000000000108', '0a500002-0000-0000-0000-000000000002', 30000.00, '2026-01-01'),
('0ac00109-0000-0000-0000-000000000109', '0a500002-0000-0000-0000-000000000002', 30000.00, '2026-02-01'),

-- 401k quarterly Q1-Q2 2025 then monthly Sep 2025 - Feb 2026
('0ac00110-0000-0000-0000-000000000110', '0a500004-0000-0000-0000-000000000004', 400.00, '2025-01-01'),
('0ac00111-0000-0000-0000-000000000111', '0a500004-0000-0000-0000-000000000004', 1100.00, '2025-04-01'),
('0ac00112-0000-0000-0000-000000000112', '0a500004-0000-0000-0000-000000000004', 1800.00, '2025-09-01'),
('0ac00113-0000-0000-0000-000000000113', '0a500004-0000-0000-0000-000000000004', 2200.00, '2025-10-01'),
('0ac00114-0000-0000-0000-000000000114', '0a500004-0000-0000-0000-000000000004', 2650.00, '2025-11-01'),
('0ac00115-0000-0000-0000-000000000115', '0a500004-0000-0000-0000-000000000004', 3100.00, '2025-12-01'),
('0ac00116-0000-0000-0000-000000000116', '0a500004-0000-0000-0000-000000000004', 3600.00, '2026-01-01'),
('0ac00117-0000-0000-0000-000000000117', '0a500004-0000-0000-0000-000000000004', 4200.00, '2026-02-01'),

-- HSA quarterly Q1 2024 - Q2 2025 then monthly Sep 2025 - Feb 2026
('0ac00118-0000-0000-0000-000000000118', '0a500005-0000-0000-0000-000000000005', 200.00, '2024-01-01'),
('0ac00119-0000-0000-0000-000000000119', '0a500005-0000-0000-0000-000000000005', 350.00, '2024-04-01'),
('0ac00120-0000-0000-0000-000000000120', '0a500005-0000-0000-0000-000000000005', 500.00, '2024-07-01'),
('0ac00121-0000-0000-0000-000000000121', '0a500005-0000-0000-0000-000000000005', 650.00, '2024-10-01'),
('0ac00122-0000-0000-0000-000000000122', '0a500005-0000-0000-0000-000000000005', 700.00, '2025-01-01'),
('0ac00123-0000-0000-0000-000000000123', '0a500005-0000-0000-0000-000000000005', 750.00, '2025-04-01'),
('0ac00124-0000-0000-0000-000000000124', '0a500005-0000-0000-0000-000000000005', 800.00, '2025-09-01'),
('0ac00125-0000-0000-0000-000000000125', '0a500005-0000-0000-0000-000000000005', 1000.00, '2025-10-01'),
('0ac00126-0000-0000-0000-000000000126', '0a500005-0000-0000-0000-000000000005', 1200.00, '2025-11-01'),
('0ac00127-0000-0000-0000-000000000127', '0a500005-0000-0000-0000-000000000005', 1400.00, '2025-12-01'),
('0ac00128-0000-0000-0000-000000000128', '0a500005-0000-0000-0000-000000000005', 1700.00, '2026-01-01'),
('0ac00129-0000-0000-0000-000000000129', '0a500005-0000-0000-0000-000000000005', 2000.00, '2026-02-01');

-- ============================================================
-- Goals
-- ============================================================

INSERT INTO goals (id, user_id, name, goal_type, target_amount, current_amount, deadline, linked_account_id, priority_rank, created_at) VALUES
('00d00001-0000-0000-0000-000000000001', '00a00001-0000-0000-0000-000000000001', 'Pay off mortgage', 'debt_payoff', 285950.00, 285950.00, NULL, 'acc00013-0000-0000-0000-000000000013', 1, '2023-04-01'),
('00d00002-0000-0000-0000-000000000002', '00a00001-0000-0000-0000-000000000001', 'Pay off car loan', 'debt_payoff', 7500.00, 4200.00, '2027-06-01', NULL, 2, '2024-03-15'),
('00d00003-0000-0000-0000-000000000003', '00a00001-0000-0000-0000-000000000001', 'Pay off Wells Fargo credit line', 'debt_payoff', 18000.00, 16500.00, NULL, 'acc00009-0000-0000-0000-000000000009', 3, '2023-06-01'),
('00d00004-0000-0000-0000-000000000004', '00a00001-0000-0000-0000-000000000001', 'Emergency fund top-up', 'savings', 15000.00, 8200.00, '2026-12-31', 'acc00004-0000-0000-0000-000000000004', 1, '2025-01-01'),
('00d00005-0000-0000-0000-000000000005', '00a00001-0000-0000-0000-000000000001', 'Engagement ring', 'savings', 8000.00, 2400.00, '2026-09-01', NULL, 2, '2025-06-01'),
('00d00006-0000-0000-0000-000000000006', '00a00001-0000-0000-0000-000000000001', 'Next house down payment', 'savings', 60000.00, 5000.00, '2028-06-01', 'acc00004-0000-0000-0000-000000000004', 3, '2025-03-01');

-- ============================================================
-- Recurring Transactions
-- ============================================================

INSERT INTO recurring_transactions (id, user_id, account_id, type, category, amount, frequency, next_occurrence) VALUES
('00e00001-0000-0000-0000-000000000001', '00a00001-0000-0000-0000-000000000001', 'acc00002-0000-0000-0000-000000000002', 'deposit', 'income', 2500.00, 'biweekly', '2026-03-01'),
('00e00002-0000-0000-0000-000000000002', '00a00001-0000-0000-0000-000000000001', 'acc00013-0000-0000-0000-000000000013', 'expense', 'housing', 2500.00, 'monthly', '2026-03-01'),
('00e00003-0000-0000-0000-000000000003', '00a00001-0000-0000-0000-000000000001', 'acc00009-0000-0000-0000-000000000009', 'expense', 'housing', 250.00, 'monthly', '2026-03-05'),
('00e00004-0000-0000-0000-000000000004', '00a00001-0000-0000-0000-000000000001', 'acc00001-0000-0000-0000-000000000001', 'expense', 'entertainment', 15.99, 'monthly', '2026-03-20'),
('00e00005-0000-0000-0000-000000000005', '00a00001-0000-0000-0000-000000000001', 'acc00002-0000-0000-0000-000000000002', 'transfer', 'credit_card_payment', 900.00, 'monthly', '2026-04-25');

-- ============================================================
-- Alerts
-- ============================================================

INSERT INTO alerts (id, user_id, alert_type, message, severity, is_read, related_entity_type, related_entity_id) VALUES
('00f00001-0000-0000-0000-000000000001', '00a00001-0000-0000-0000-000000000001', 'spending_increase', 'Food spending up 18% vs last month', 'warning', 0, 'transaction', NULL),
('00f00002-0000-0000-0000-000000000002', '00a00001-0000-0000-0000-000000000001', 'goal_milestone', 'Car payment ends in 15 months - consider redirecting $250/mo to savings', 'info', 0, 'goal', '00d00002-0000-0000-0000-000000000002'),
('00f00003-0000-0000-0000-000000000003', '00a00001-0000-0000-0000-000000000001', 'uninvested_cash', 'Roth IRA has $10k in uninvested cash', 'warning', 0, 'asset', '0a500003-0000-0000-0000-000000000003');
